='AI_Data'!A1272,='AI_Data'!B1272,='AI_Data'!C1272,='AI_Data'!D1272,='AI_Data'!E1272,='AI_Data'!F1272,='AI_Data'!G1272,='AI_Data'!H1272,='AI_Data'!I1272,='AI_Data'!J1272,='AI_Data'!K1272,='AI_Data'!L1272,='AI_Data'!M1272,='AI_Data'!N1272,='AI_Data'!O1272,='AI_Data'!P1272,='AI_Data'!Q1272,='AI_Data'!R1272,='AI_Data'!S1272,='AI_Data'!T1272,='AI_Data'!U1272,='AI_Data'!V1272,='AI_Data'!W1272,='AI_Data'!X1272,='AI_Data'!Y1272,='AI_Data'!Z1272,='AI_Data'!AA1272,='AI_Data'!AB1272,='AI_Data'!AC1272,='AI_Data'!AD1272,='AI_Data'!AE1272,='AI_Data'!AF1272,='AI_Data'!AG1272,='AI_Data'!AH1272,='AI_Data'!AI1272,='AI_Data'!AJ1272,='AI_Data'!AK1272,='AI_Data'!AL1272,='AI_Data'!AM1272,='AI_Data'!AN1272,='AI_Data'!AO1272,='AI_Data'!AP1272,='AI_Data'!AQ1272,='AI_Data'!AR1272,='AI_Data'!AS1272,='AI_Data'!AT1272,='AI_Data'!AU1272,='AI_Data'!AV1272,='AI_Data'!AW1272,='AI_Data'!AX1272,='AI_Data'!AY1272,='AI_Data'!AZ1272,='AI_Data'!BA1272,='AI_Data'!BB1272,='AI_Data'!BC1272,='AI_Data'!BD1272,='AI_Data'!BE1272,='AI_Data'!BF1272,='AI_Data'!BG1272,='AI_Data'!BH1272,='AI_Data'!BI1272,='AI_Data'!BJ1272,='AI_Data'!BK1272,='AI_Data'!BL1272,='AI_Data'!BM1272,='AI_Data'!BN1272,='AI_Data'!BO1272,='AI_Data'!BP1272,='AI_Data'!BQ1272,='AI_Data'!BR1272
='AI_Data'!A1273,='AI_Data'!B1273,='AI_Data'!C1273,='AI_Data'!D1273,='AI_Data'!E1273,='AI_Data'!F1273,='AI_Data'!G1273,='AI_Data'!H1273,='AI_Data'!I1273,='AI_Data'!J1273,='AI_Data'!K1273,='AI_Data'!L1273,='AI_Data'!M1273,='AI_Data'!N1273,='AI_Data'!O1273,='AI_Data'!P1273,='AI_Data'!Q1273,='AI_Data'!R1273,='AI_Data'!S1273,='AI_Data'!T1273,='AI_Data'!U1273,='AI_Data'!V1273,='AI_Data'!W1273,='AI_Data'!X1273,='AI_Data'!Y1273,='AI_Data'!Z1273,='AI_Data'!AA1273,='AI_Data'!AB1273,='AI_Data'!AC1273,='AI_Data'!AD1273,='AI_Data'!AE1273,='AI_Data'!AF1273,='AI_Data'!AG1273,='AI_Data'!AH1273,='AI_Data'!AI1273,='AI_Data'!AJ1273,='AI_Data'!AK1273,='AI_Data'!AL1273,='AI_Data'!AM1273,='AI_Data'!AN1273,='AI_Data'!AO1273,='AI_Data'!AP1273,='AI_Data'!AQ1273,='AI_Data'!AR1273,='AI_Data'!AS1273,='AI_Data'!AT1273,='AI_Data'!AU1273,='AI_Data'!AV1273,='AI_Data'!AW1273,='AI_Data'!AX1273,='AI_Data'!AY1273,='AI_Data'!AZ1273,='AI_Data'!BA1273,='AI_Data'!BB1273,='AI_Data'!BC1273,='AI_Data'!BD1273,='AI_Data'!BE1273,='AI_Data'!BF1273,='AI_Data'!BG1273,='AI_Data'!BH1273,='AI_Data'!BI1273,='AI_Data'!BJ1273,='AI_Data'!BK1273,='AI_Data'!BL1273,='AI_Data'!BM1273,='AI_Data'!BN1273,='AI_Data'!BO1273,='AI_Data'!BP1273,='AI_Data'!BQ1273,='AI_Data'!BR1273
='AI_Data'!A1274,='AI_Data'!B1274,='AI_Data'!C1274,='AI_Data'!D1274,='AI_Data'!E1274,='AI_Data'!F1274,='AI_Data'!G1274,='AI_Data'!H1274,='AI_Data'!I1274,='AI_Data'!J1274,='AI_Data'!K1274,='AI_Data'!L1274,='AI_Data'!M1274,='AI_Data'!N1274,='AI_Data'!O1274,='AI_Data'!P1274,='AI_Data'!Q1274,='AI_Data'!R1274,='AI_Data'!S1274,='AI_Data'!T1274,='AI_Data'!U1274,='AI_Data'!V1274,='AI_Data'!W1274,='AI_Data'!X1274,='AI_Data'!Y1274,='AI_Data'!Z1274,='AI_Data'!AA1274,='AI_Data'!AB1274,='AI_Data'!AC1274,='AI_Data'!AD1274,='AI_Data'!AE1274,='AI_Data'!AF1274,='AI_Data'!AG1274,='AI_Data'!AH1274,='AI_Data'!AI1274,='AI_Data'!AJ1274,='AI_Data'!AK1274,='AI_Data'!AL1274,='AI_Data'!AM1274,='AI_Data'!AN1274,='AI_Data'!AO1274,='AI_Data'!AP1274,='AI_Data'!AQ1274,='AI_Data'!AR1274,='AI_Data'!AS1274,='AI_Data'!AT1274,='AI_Data'!AU1274,='AI_Data'!AV1274,='AI_Data'!AW1274,='AI_Data'!AX1274,='AI_Data'!AY1274,='AI_Data'!AZ1274,='AI_Data'!BA1274,='AI_Data'!BB1274,='AI_Data'!BC1274,='AI_Data'!BD1274,='AI_Data'!BE1274,='AI_Data'!BF1274,='AI_Data'!BG1274,='AI_Data'!BH1274,='AI_Data'!BI1274,='AI_Data'!BJ1274,='AI_Data'!BK1274,='AI_Data'!BL1274,='AI_Data'!BM1274,='AI_Data'!BN1274,='AI_Data'!BO1274,='AI_Data'!BP1274,='AI_Data'!BQ1274,='AI_Data'!BR1274
='AI_Data'!A1275,='AI_Data'!B1275,='AI_Data'!C1275,='AI_Data'!D1275,='AI_Data'!E1275,='AI_Data'!F1275,='AI_Data'!G1275,='AI_Data'!H1275,='AI_Data'!I1275,='AI_Data'!J1275,='AI_Data'!K1275,='AI_Data'!L1275,='AI_Data'!M1275,='AI_Data'!N1275,='AI_Data'!O1275,='AI_Data'!P1275,='AI_Data'!Q1275,='AI_Data'!R1275,='AI_Data'!S1275,='AI_Data'!T1275,='AI_Data'!U1275,='AI_Data'!V1275,='AI_Data'!W1275,='AI_Data'!X1275,='AI_Data'!Y1275,='AI_Data'!Z1275,='AI_Data'!AA1275,='AI_Data'!AB1275,='AI_Data'!AC1275,='AI_Data'!AD1275,='AI_Data'!AE1275,='AI_Data'!AF1275,='AI_Data'!AG1275,='AI_Data'!AH1275,='AI_Data'!AI1275,='AI_Data'!AJ1275,='AI_Data'!AK1275,='AI_Data'!AL1275,='AI_Data'!AM1275,='AI_Data'!AN1275,='AI_Data'!AO1275,='AI_Data'!AP1275,='AI_Data'!AQ1275,='AI_Data'!AR1275,='AI_Data'!AS1275,='AI_Data'!AT1275,='AI_Data'!AU1275,='AI_Data'!AV1275,='AI_Data'!AW1275,='AI_Data'!AX1275,='AI_Data'!AY1275,='AI_Data'!AZ1275,='AI_Data'!BA1275,='AI_Data'!BB1275,='AI_Data'!BC1275,='AI_Data'!BD1275,='AI_Data'!BE1275,='AI_Data'!BF1275,='AI_Data'!BG1275,='AI_Data'!BH1275,='AI_Data'!BI1275,='AI_Data'!BJ1275,='AI_Data'!BK1275,='AI_Data'!BL1275,='AI_Data'!BM1275,='AI_Data'!BN1275,='AI_Data'!BO1275,='AI_Data'!BP1275,='AI_Data'!BQ1275,='AI_Data'!BR1275
='AI_Data'!A1276,='AI_Data'!B1276,='AI_Data'!C1276,='AI_Data'!D1276,='AI_Data'!E1276,='AI_Data'!F1276,='AI_Data'!G1276,='AI_Data'!H1276,='AI_Data'!I1276,='AI_Data'!J1276,='AI_Data'!K1276,='AI_Data'!L1276,='AI_Data'!M1276,='AI_Data'!N1276,='AI_Data'!O1276,='AI_Data'!P1276,='AI_Data'!Q1276,='AI_Data'!R1276,='AI_Data'!S1276,='AI_Data'!T1276,='AI_Data'!U1276,='AI_Data'!V1276,='AI_Data'!W1276,='AI_Data'!X1276,='AI_Data'!Y1276,='AI_Data'!Z1276,='AI_Data'!AA1276,='AI_Data'!AB1276,='AI_Data'!AC1276,='AI_Data'!AD1276,='AI_Data'!AE1276,='AI_Data'!AF1276,='AI_Data'!AG1276,='AI_Data'!AH1276,='AI_Data'!AI1276,='AI_Data'!AJ1276,='AI_Data'!AK1276,='AI_Data'!AL1276,='AI_Data'!AM1276,='AI_Data'!AN1276,='AI_Data'!AO1276,='AI_Data'!AP1276,='AI_Data'!AQ1276,='AI_Data'!AR1276,='AI_Data'!AS1276,='AI_Data'!AT1276,='AI_Data'!AU1276,='AI_Data'!AV1276,='AI_Data'!AW1276,='AI_Data'!AX1276,='AI_Data'!AY1276,='AI_Data'!AZ1276,='AI_Data'!BA1276,='AI_Data'!BB1276,='AI_Data'!BC1276,='AI_Data'!BD1276,='AI_Data'!BE1276,='AI_Data'!BF1276,='AI_Data'!BG1276,='AI_Data'!BH1276,='AI_Data'!BI1276,='AI_Data'!BJ1276,='AI_Data'!BK1276,='AI_Data'!BL1276,='AI_Data'!BM1276,='AI_Data'!BN1276,='AI_Data'!BO1276,='AI_Data'!BP1276,='AI_Data'!BQ1276,='AI_Data'!BR1276
='AI_Data'!A1277,='AI_Data'!B1277,='AI_Data'!C1277,='AI_Data'!D1277,='AI_Data'!E1277,='AI_Data'!F1277,='AI_Data'!G1277,='AI_Data'!H1277,='AI_Data'!I1277,='AI_Data'!J1277,='AI_Data'!K1277,='AI_Data'!L1277,='AI_Data'!M1277,='AI_Data'!N1277,='AI_Data'!O1277,='AI_Data'!P1277,='AI_Data'!Q1277,='AI_Data'!R1277,='AI_Data'!S1277,='AI_Data'!T1277,='AI_Data'!U1277,='AI_Data'!V1277,='AI_Data'!W1277,='AI_Data'!X1277,='AI_Data'!Y1277,='AI_Data'!Z1277,='AI_Data'!AA1277,='AI_Data'!AB1277,='AI_Data'!AC1277,='AI_Data'!AD1277,='AI_Data'!AE1277,='AI_Data'!AF1277,='AI_Data'!AG1277,='AI_Data'!AH1277,='AI_Data'!AI1277,='AI_Data'!AJ1277,='AI_Data'!AK1277,='AI_Data'!AL1277,='AI_Data'!AM1277,='AI_Data'!AN1277,='AI_Data'!AO1277,='AI_Data'!AP1277,='AI_Data'!AQ1277,='AI_Data'!AR1277,='AI_Data'!AS1277,='AI_Data'!AT1277,='AI_Data'!AU1277,='AI_Data'!AV1277,='AI_Data'!AW1277,='AI_Data'!AX1277,='AI_Data'!AY1277,='AI_Data'!AZ1277,='AI_Data'!BA1277,='AI_Data'!BB1277,='AI_Data'!BC1277,='AI_Data'!BD1277,='AI_Data'!BE1277,='AI_Data'!BF1277,='AI_Data'!BG1277,='AI_Data'!BH1277,='AI_Data'!BI1277,='AI_Data'!BJ1277,='AI_Data'!BK1277,='AI_Data'!BL1277,='AI_Data'!BM1277,='AI_Data'!BN1277,='AI_Data'!BO1277,='AI_Data'!BP1277,='AI_Data'!BQ1277,='AI_Data'!BR1277
='AI_Data'!A1278,='AI_Data'!B1278,='AI_Data'!C1278,='AI_Data'!D1278,='AI_Data'!E1278,='AI_Data'!F1278,='AI_Data'!G1278,='AI_Data'!H1278,='AI_Data'!I1278,='AI_Data'!J1278,='AI_Data'!K1278,='AI_Data'!L1278,='AI_Data'!M1278,='AI_Data'!N1278,='AI_Data'!O1278,='AI_Data'!P1278,='AI_Data'!Q1278,='AI_Data'!R1278,='AI_Data'!S1278,='AI_Data'!T1278,='AI_Data'!U1278,='AI_Data'!V1278,='AI_Data'!W1278,='AI_Data'!X1278,='AI_Data'!Y1278,='AI_Data'!Z1278,='AI_Data'!AA1278,='AI_Data'!AB1278,='AI_Data'!AC1278,='AI_Data'!AD1278,='AI_Data'!AE1278,='AI_Data'!AF1278,='AI_Data'!AG1278,='AI_Data'!AH1278,='AI_Data'!AI1278,='AI_Data'!AJ1278,='AI_Data'!AK1278,='AI_Data'!AL1278,='AI_Data'!AM1278,='AI_Data'!AN1278,='AI_Data'!AO1278,='AI_Data'!AP1278,='AI_Data'!AQ1278,='AI_Data'!AR1278,='AI_Data'!AS1278,='AI_Data'!AT1278,='AI_Data'!AU1278,='AI_Data'!AV1278,='AI_Data'!AW1278,='AI_Data'!AX1278,='AI_Data'!AY1278,='AI_Data'!AZ1278,='AI_Data'!BA1278,='AI_Data'!BB1278,='AI_Data'!BC1278,='AI_Data'!BD1278,='AI_Data'!BE1278,='AI_Data'!BF1278,='AI_Data'!BG1278,='AI_Data'!BH1278,='AI_Data'!BI1278,='AI_Data'!BJ1278,='AI_Data'!BK1278,='AI_Data'!BL1278,='AI_Data'!BM1278,='AI_Data'!BN1278,='AI_Data'!BO1278,='AI_Data'!BP1278,='AI_Data'!BQ1278,='AI_Data'!BR1278
='AI_Data'!A1279,='AI_Data'!B1279,='AI_Data'!C1279,='AI_Data'!D1279,='AI_Data'!E1279,='AI_Data'!F1279,='AI_Data'!G1279,='AI_Data'!H1279,='AI_Data'!I1279,='AI_Data'!J1279,='AI_Data'!K1279,='AI_Data'!L1279,='AI_Data'!M1279,='AI_Data'!N1279,='AI_Data'!O1279,='AI_Data'!P1279,='AI_Data'!Q1279,='AI_Data'!R1279,='AI_Data'!S1279,='AI_Data'!T1279,='AI_Data'!U1279,='AI_Data'!V1279,='AI_Data'!W1279,='AI_Data'!X1279,='AI_Data'!Y1279,='AI_Data'!Z1279,='AI_Data'!AA1279,='AI_Data'!AB1279,='AI_Data'!AC1279,='AI_Data'!AD1279,='AI_Data'!AE1279,='AI_Data'!AF1279,='AI_Data'!AG1279,='AI_Data'!AH1279,='AI_Data'!AI1279,='AI_Data'!AJ1279,='AI_Data'!AK1279,='AI_Data'!AL1279,='AI_Data'!AM1279,='AI_Data'!AN1279,='AI_Data'!AO1279,='AI_Data'!AP1279,='AI_Data'!AQ1279,='AI_Data'!AR1279,='AI_Data'!AS1279,='AI_Data'!AT1279,='AI_Data'!AU1279,='AI_Data'!AV1279,='AI_Data'!AW1279,='AI_Data'!AX1279,='AI_Data'!AY1279,='AI_Data'!AZ1279,='AI_Data'!BA1279,='AI_Data'!BB1279,='AI_Data'!BC1279,='AI_Data'!BD1279,='AI_Data'!BE1279,='AI_Data'!BF1279,='AI_Data'!BG1279,='AI_Data'!BH1279,='AI_Data'!BI1279,='AI_Data'!BJ1279,='AI_Data'!BK1279,='AI_Data'!BL1279,='AI_Data'!BM1279,='AI_Data'!BN1279,='AI_Data'!BO1279,='AI_Data'!BP1279,='AI_Data'!BQ1279,='AI_Data'!BR1279
='AI_Data'!A1280,='AI_Data'!B1280,='AI_Data'!C1280,='AI_Data'!D1280,='AI_Data'!E1280,='AI_Data'!F1280,='AI_Data'!G1280,='AI_Data'!H1280,='AI_Data'!I1280,='AI_Data'!J1280,='AI_Data'!K1280,='AI_Data'!L1280,='AI_Data'!M1280,='AI_Data'!N1280,='AI_Data'!O1280,='AI_Data'!P1280,='AI_Data'!Q1280,='AI_Data'!R1280,='AI_Data'!S1280,='AI_Data'!T1280,='AI_Data'!U1280,='AI_Data'!V1280,='AI_Data'!W1280,='AI_Data'!X1280,='AI_Data'!Y1280,='AI_Data'!Z1280,='AI_Data'!AA1280,='AI_Data'!AB1280,='AI_Data'!AC1280,='AI_Data'!AD1280,='AI_Data'!AE1280,='AI_Data'!AF1280,='AI_Data'!AG1280,='AI_Data'!AH1280,='AI_Data'!AI1280,='AI_Data'!AJ1280,='AI_Data'!AK1280,='AI_Data'!AL1280,='AI_Data'!AM1280,='AI_Data'!AN1280,='AI_Data'!AO1280,='AI_Data'!AP1280,='AI_Data'!AQ1280,='AI_Data'!AR1280,='AI_Data'!AS1280,='AI_Data'!AT1280,='AI_Data'!AU1280,='AI_Data'!AV1280,='AI_Data'!AW1280,='AI_Data'!AX1280,='AI_Data'!AY1280,='AI_Data'!AZ1280,='AI_Data'!BA1280,='AI_Data'!BB1280,='AI_Data'!BC1280,='AI_Data'!BD1280,='AI_Data'!BE1280,='AI_Data'!BF1280,='AI_Data'!BG1280,='AI_Data'!BH1280,='AI_Data'!BI1280,='AI_Data'!BJ1280,='AI_Data'!BK1280,='AI_Data'!BL1280,='AI_Data'!BM1280,='AI_Data'!BN1280,='AI_Data'!BO1280,='AI_Data'!BP1280,='AI_Data'!BQ1280,='AI_Data'!BR1280
='AI_Data'!A1281,='AI_Data'!B1281,='AI_Data'!C1281,='AI_Data'!D1281,='AI_Data'!E1281,='AI_Data'!F1281,='AI_Data'!G1281,='AI_Data'!H1281,='AI_Data'!I1281,='AI_Data'!J1281,='AI_Data'!K1281,='AI_Data'!L1281,='AI_Data'!M1281,='AI_Data'!N1281,='AI_Data'!O1281,='AI_Data'!P1281,='AI_Data'!Q1281,='AI_Data'!R1281,='AI_Data'!S1281,='AI_Data'!T1281,='AI_Data'!U1281,='AI_Data'!V1281,='AI_Data'!W1281,='AI_Data'!X1281,='AI_Data'!Y1281,='AI_Data'!Z1281,='AI_Data'!AA1281,='AI_Data'!AB1281,='AI_Data'!AC1281,='AI_Data'!AD1281,='AI_Data'!AE1281,='AI_Data'!AF1281,='AI_Data'!AG1281,='AI_Data'!AH1281,='AI_Data'!AI1281,='AI_Data'!AJ1281,='AI_Data'!AK1281,='AI_Data'!AL1281,='AI_Data'!AM1281,='AI_Data'!AN1281,='AI_Data'!AO1281,='AI_Data'!AP1281,='AI_Data'!AQ1281,='AI_Data'!AR1281,='AI_Data'!AS1281,='AI_Data'!AT1281,='AI_Data'!AU1281,='AI_Data'!AV1281,='AI_Data'!AW1281,='AI_Data'!AX1281,='AI_Data'!AY1281,='AI_Data'!AZ1281,='AI_Data'!BA1281,='AI_Data'!BB1281,='AI_Data'!BC1281,='AI_Data'!BD1281,='AI_Data'!BE1281,='AI_Data'!BF1281,='AI_Data'!BG1281,='AI_Data'!BH1281,='AI_Data'!BI1281,='AI_Data'!BJ1281,='AI_Data'!BK1281,='AI_Data'!BL1281,='AI_Data'!BM1281,='AI_Data'!BN1281,='AI_Data'!BO1281,='AI_Data'!BP1281,='AI_Data'!BQ1281,='AI_Data'!BR1281
