交付结果,交付结果__url,完成情况,完成情况__url,分类,分类__url,负责人,负责人__url,DDL,DDL__url,进展,进展__url,col_7,col_7__url
商家问题收集&追踪解决,,已完成,,反馈,,@于奇楠,,46139,,通过商家访谈积累7个问题，1个已解决。头商走访2605,,,
Leads管理表,,,,提效,,@江家徵,,,,优化管理表表头，实现Leads - 入驻 - T5的全链路追踪EU/UK BD lead 跟进表 ,,,
商家工具包,,,,商家武器,,@李泽,,,,总结内部现有文档，站在商家视角，形成可读对外指引。英欧日 POP 商家招商入驻指引 ,,,
【可用Leads】梳理,,,,提效,,@夏春雨,,,,英欧日招商线索外呼 ,,,
新增HIPO商家类型,,,,提效,,@夏春雨,,,,如抖品牌S56,,,
UK招商专项,,进行中,,商家沟通,,@于奇楠,,46163,,"@于奇楠Shapellx属于和新集团，4个品牌一起入。AE约老板节后。约30%POP Fashion，周一安排对接人和@李泽攻克。
To do：清洗靶向，分L2L/POP。单独画像，看UK机会。单独区域政策",,"{""id"": 1, ""type"": ""embed-image""}",
市场建设,,,,协同,,@夏春雨,,本季度20场,,协同US\MX做线上线下hipo商家会议，加热市场,,,
商家入驻one-pager,,,,商家武器,,@黄忆卓,,46152,,内容填写中,,,
靶向100个商家,,已完成,,反馈,,@李泽@江家徵@黄忆卓@夏春雨,,46142,,"分行业BD POC：@黄忆卓 家居生活 ，@夏春雨 美妆快销，@江家徵 @赵月晨服饰，@李泽 3C
格式4/30
5/13 v1
5/20 v2
5/27 v3",,,
合作伙伴网络 & 市场影响力,,,,,,@夏春雨,,46162,,,,,
新开国商家储备,,,,,,@夏春雨@李泽,,46162,,06/01上线前不可对外透传：EU8 TTS June New Market Launch Policy,,,
BD和AM的配合,,已完成,,协同,,@于奇楠,,46142,,第一波讨论,,,
其他(关店挽回GMV),,进行中,,协同,,@于奇楠,,46163,,GNE搭建看板中@赵博羽,,,
ai工具使用复盘,,准备中,,协同,,@李京达,,46170,,"AI协同复盘，给大家参考。5月期待大家的复盘 @江家徵 @夏春雨 @黄忆卓 @李泽 @赵月晨，同时我也在申请团队workspace，未来我们一起完善团队skill。
📄 Aime人机协同月复盘2604
📊 AI汇总文档2603

新任务【ai工具使用复盘】，ddl 5/28。 @Aime 个人助理",,,
"针对sps大于4分的美区卖家
透过BD pitch成功到欧洲了，是否算业绩",,进行中,,反馈,,@于奇楠,,46163,,等@丁祎 休假回来确认规则,,,
飞书词典跨公司同步，将TTS专有名词同步给商家飞书。,,进行中,,协同,,@于奇楠,,46171,,"飞书同学调研中w/@鲁静。采用轻量级路径：TTS产出词典，商家导入。
下一步：找到合规同学评估。",https://www.feishu.cn/hc/zh-CN/articles/602271072962-%E6%9F%A5%E7%9C%8B-%E7%AE%A1%E7%90%86%E8%AF%8D%E5%85%B8%E5%85%A8%E9%83%A8%E8%AF%8D%E6%9D%A1,,
服务商/商家关于激励侧调研,,进行中,,商家沟通,,@赵月晨,,46151,,第一波讨论中,,,
US头商沟通入驻,,进行中,,商家沟通,,@赵月晨,,,,,,,
CNOB协同,,进行中,,协同,,@赵月晨,,,,建立协同机制，5/9过一下,,,
【招商活动】设定目标并进行5分钟复盘,,进行中,,提效,,@江家徵、@夏春雨,,46149.7708333333,,"招商活动都设定下目标，然后有个5mins复盘。我们一起看下效果。

义乌场：50人参加，目标2周内10人入驻，入驻率20%",,,
大商认证/打标流程提效,,进行中,,协同,,@夏春雨,,,,认证提效-@黄翔毓@丁祎,,,
6.23新市场上线商家大会,,准备中,,,,@夏春雨,,,,采购pr已下，流程ko等待公关宣推时间,,,
SKM&HIPO新商家免佣周期的延长政策,,进行中,,商家武器,,@于奇楠,,46169.770833333336,,商家需提供关于后期的投入规划，和BPO对下,,,
【组织准备下周会】,,进行中,,协同,,@黄忆卓,,46162.75,,,,,
chinamaxxing可以研究下,,进行中,,业务机会,,@李京达,,,,chinamaxxing可以研究下,,,
BCCU周度分析,,进行中,,协同,,@李泽,,46162.75,,,,,
,,,,,,,,,,,,,
,,,,,,,,,,,,,
,,,,,,,,,,,,,
,,,,,,,,,,,,,
,,,,,,,,,,,,,
,,,,,,,,,,,,,
,,,,,,,,,,,,,
,,,,,,,,,,,,,
,,,,,,,,,,,,,
,,,,,,,,,,,,,
,,,,,,,,,,,,,
,,,,,,,,,,,,,
,,,,,,,,,,,,,
,,,,,,,,,,,,,
,,,,,,,,,,,,,
,,,,,,,,,,,,,
,,,,,,,,,,,,,
,,,,,,,,,,,,,
,,,,,,,,,,,,,
,,,,,,,,,,,,,
,,,,,,,,,,,,,
,,,,,,,,,,,,,
,,,,,,,,,,,,,
,,,,,,,,,,,,,
,,,,,,,,,,,,,
,,,,,,,,,,,,,
,,,,,,,,,,,,,
,,,,,,,,,,,,,
,,,,,,,,,,,,,
,,,,,,,,,,,,,
,,,,,,,,,,,,,
,,,,,,,,,,,,,
,,,,,,,,,,,,,
,,,,,,,,,,,,,
,,,,,,,,,,,,,
,,,,,,,,,,,,,
,,,,,,,,,,,,,
,,,,,,,,,,,,,
,,,,,,,,,,,,,
,,,,,,,,,,,,,
,,,,,,,,,,,,,
,,,,,,,,,,,,,
,,,,,,,,,,,,,
,,,,,,,,,,,,,
,,,,,,,,,,,,,
,,,,,,,,,,,,,
,,,,,,,,,,,,,
,,,,,,,,,,,,,
,,,,,,,,,,,,,
,,,,,,,,,,,,,
,,,,,,,,,,,,,
,,,,,,,,,,,,,
,,,,,,,,,,,,,
,,,,,,,,,,,,,
,,,,,,,,,,,,,
,,,,,,,,,,,,,
,,,,,,,,,,,,,
,,,,,,,,,,,,,
,,,,,,,,,,,,,
,,,,,,,,,,,,,
,,,,,,,,,,,,,
,,,,,,,,,,,,,
,,,,,,,,,,,,,
,,,,,,,,,,,,,
,,,,,,,,,,,,,
,,,,,,,,,,,,,
,,,,,,,,,,,,,
,,,,,,,,,,,,,
,,,,,,,,,,,,,
,,,,,,,,,,,,,
,,,,,,,,,,,,,
,,,,,,,,,,,,,
,,,,,,,,,,,,,
